,Mean,95CI
1,31.8,0.5701130251412664
5,41.79333333333334,0.5517361018451374
20,51.39333333333333,0.5512743945975301
50,57.486666666666665,0.551899329689677
