,Mean,95CI
50,65.21111111111112,0.5743876935040805
