,Mean,95CI
1,63.895555555555546,0.8733113963250773
