,Mean,95CI
1,33.85777777777778,0.613813128720151
5,46.96666666666667,0.6109498103849234
20,58.19777777777777,0.592317459793896
50,64.44888888888887,0.5864688895701146
