,Mean,95CI
1,32.406666666666666,0.5935094846927103
5,45.88444444444444,0.5790259935143817
20,58.33777777777779,0.5417596598482884
50,64.90222222222222,0.5450429570942189
