,Mean,95CI
1,22.33111111111111,0.3976909200343134
5,26.08888888888889,0.4276747998343164
20,31.322222222222226,0.4401693492267276
50,35.39111111111111,0.4643892373227601
