,Mean,95CI
1,63.693333333333335,0.8938173867661259
5,81.29333333333334,0.6365530589638819
20,88.73111111111112,0.46064484872600514
50,91.67777777777778,0.3687564905558516
