,Mean,95CI
1,34.602222222222224,0.6270508937748427
5,47.644444444444446,0.6012100748597131
20,59.21555555555555,0.5837298226297915
50,64.43333333333334,0.5830182001683744
