,Mean,95CI
1,67.61777777777777,0.7829897586453416
5,86.09555555555555,0.541152951011282
20,92.3911111111111,0.33879552272634783
50,94.24,0.260552675593239
