,Data_time,lr,Loss,MSE_Loss_target,CE_Loss_source,top1_base,top1_base_per_class,Batch_time,Data_time/avg,lr/avg,Loss/avg,MSE_Loss_target/avg,CE_Loss_source/avg,top1_base/avg,top1_base_per_class/avg,Batch_time/avg,Data_time/sum,lr/sum,Loss/sum,MSE_Loss_target/sum,CE_Loss_source/sum,top1_base/sum,top1_base_per_class/sum,Batch_time/sum
1,0.020407438278198242,0.001,6.322233200073242,9.773407327884343e-06,6.322233200073242,3.125,2.6785714626312256,0.3232114315032959,0.052199086627444706,0.0010000000000000007,6.667014379759093,4.704321974861307e-05,6.667014379759093,1.3724662162162162,1.3642144017928355,0.3534916864859091,1.931366205215454,0.037000000000000026,246.67953205108643,0.0017405991306986834,246.67953205108643,6500.0,50.475932866334915,13.079192399978638
2,0.02422046661376953,0.001,5.604743480682373,9.90931221167557e-06,5.604743480682373,3.90625,2.6839828491210938,0.3214743137359619,0.0527052557146227,0.0010000000000000007,5.927765227652885,1.149662101532748e-05,5.927765227652885,3.251689189189189,3.4918489069552034,0.3549664729350322,1.95009446144104,0.037000000000000026,219.32731342315674,0.00042537497756711673,219.32731342315674,15400.0,129.19840955734253,13.133759498596191
