,Data_time,lr,Loss,MSE_Loss_target,CE_Loss_source,top1_base,top1_base_per_class,Batch_time,Data_time/avg,lr/avg,Loss/avg,MSE_Loss_target/avg,CE_Loss_source/avg,top1_base/avg,top1_base_per_class/avg,Batch_time/avg,Data_time/sum,lr/sum,Loss/sum,MSE_Loss_target/sum,CE_Loss_source/sum,top1_base/sum,top1_base_per_class/sum,Batch_time/sum
1,0.021459341049194336,0.05,4.172107219696045,0.002350596711039543,4.172107219696045,3.90625,3.6309521198272705,0.3154282569885254,0.053158141471244195,0.050000000000000024,4.559461741834073,0.0009897634981088403,4.559461741834073,4.539695945945946,4.814704046056077,0.3535153221439671,1.9668512344360352,1.850000000000001,168.70008444786072,0.03662124943002709,168.70008444786072,21500.0,178.14404970407486,13.080066919326782
2,0.017910480499267578,0.05,3.7154717445373535,0.0037244451232254505,3.7154717445373535,9.375,9.654088020324707,0.3170921802520752,0.05045273497297957,0.050000000000000024,3.9273486652889766,0.002233080323659689,3.9273486652889766,7.833614864864865,7.926337139026539,0.3516566946699813,1.8667511940002441,1.850000000000001,145.31190061569214,0.0826239719754085,145.31190061569214,37100.0,293.27447414398193,13.011297702789307
