,Data_time,lr,Loss,MSE_Loss_target,CE_Loss_source,top1_base,top1_base_per_class,Batch_time,Data_time/avg,lr/avg,Loss/avg,MSE_Loss_target/avg,CE_Loss_source/avg,top1_base/avg,top1_base_per_class/avg,Batch_time/avg,Data_time/sum,lr/sum,Loss/sum,MSE_Loss_target/sum,CE_Loss_source/sum,top1_base/sum,top1_base_per_class/sum,Batch_time/sum
1,0.02059626579284668,0.003,5.287889003753662,1.3107566701364703e-05,5.287889003753662,3.90625,5.128205299377441,0.3129258155822754,0.05260522301132615,0.0030000000000000014,6.204882518665211,5.0050334696582444e-05,6.204882518665211,1.7736486486486487,2.0633204418259696,0.3537015657167177,1.9463932514190674,0.11100000000000006,229.5806531906128,0.0018518623837735504,229.5806531906128,8400.0,76.34285634756088,13.086957931518555
2,0.02184605598449707,0.003,4.217354774475098,3.6132740206085145e-05,4.217354774475098,6.25,8.19209098815918,0.31543874740600586,0.05306330242672482,0.0030000000000000014,4.6080168517860205,2.3218439408181536e-05,4.6080168517860205,6.440033783783784,6.2391771754703,0.35432387687064504,1.9633421897888184,0.11100000000000006,170.49662351608276,0.0008590822581027169,170.49662351608276,30500.0,230.84955549240112,13.109983444213867
