,Data_time,lr,Loss,MSE_Loss_target,CE_Loss_source,top1_base,top1_base_per_class,Batch_time,Data_time/avg,lr/avg,Loss/avg,MSE_Loss_target/avg,CE_Loss_source/avg,top1_base/avg,top1_base_per_class/avg,Batch_time/avg,Data_time/sum,lr/sum,Loss/sum,MSE_Loss_target/sum,CE_Loss_source/sum,top1_base/sum,top1_base_per_class/sum,Batch_time/sum
1,0.01936626434326172,0.01,3.9823901653289795,0.00012652315490413457,3.9823901653289795,8.59375,9.905660629272461,0.3122859001159668,0.05134836403099266,0.010000000000000004,5.231979840510601,7.466473026225513e-05,5.231979840510601,3.8217905405405403,4.131419542673472,0.3518140831509152,1.8998894691467285,0.37000000000000016,193.5832540988922,0.00276259501970344,193.5832540988922,18100.0,152.86252307891846,13.017121076583862
2,0.020133495330810547,0.01,3.8156893253326416,0.00020512641640380025,3.8156893253326416,7.8125,8.181818008422852,0.30901551246643066,0.05062858478443043,0.010000000000000004,3.8529341414168075,0.00015913118290513553,3.8529341414168075,8.72043918918919,8.7759778886228,0.3509984725230449,1.8732576370239258,0.37000000000000016,142.55856323242188,0.0058878537674900144,142.55856323242188,41300.0,324.7111818790436,12.986943483352661
