,Data_time,lr,Loss,MSE_Loss_target,CE_Loss_source,top1_base,top1_base_per_class,Batch_time,Data_time/avg,lr/avg,Loss/avg,MSE_Loss_target/avg,CE_Loss_source/avg,top1_base/avg,top1_base_per_class/avg,Batch_time/avg,Data_time/sum,lr/sum,Loss/sum,MSE_Loss_target/sum,CE_Loss_source/sum,top1_base/sum,top1_base_per_class/sum,Batch_time/sum
1,0.02243518829345703,0.005,4.553470611572266,1.1494605132611468e-05,4.553470611572266,6.25,5.333333492279053,0.323378324508667,0.05097788089030498,0.005000000000000002,5.823994997385386,5.139321968739308e-05,5.823994997385386,3.08277027027027,2.9359752342507646,0.3519321196788066,1.8861815929412842,0.18500000000000008,215.48781490325928,0.001901549128433544,215.48781490325928,14600.0,108.63108366727829,13.021488428115845
2,0.023284435272216797,0.005,3.9545085430145264,5.033148772781715e-05,3.9545085430145264,7.03125,9.375,0.3286113739013672,0.05319639154382654,0.005000000000000002,4.120147543984491,5.794093123915593e-05,4.120147543984491,7.1579391891891895,7.046481879981789,0.35442765339000804,1.968266487121582,0.18500000000000008,152.44545912742615,0.0021438144558487693,152.44545912742615,33900.0,260.7198295593262,13.113823175430298
