,Data_time,lr,Loss,MSE_Loss_target,CE_Loss_source,top1_base,top1_base_per_class,Batch_time,Data_time/avg,lr/avg,Loss/avg,MSE_Loss_target/avg,CE_Loss_source/avg,top1_base/avg,top1_base_per_class/avg,Batch_time/avg,Data_time/sum,lr/sum,Loss/sum,MSE_Loss_target/sum,CE_Loss_source/sum,top1_base/sum,top1_base_per_class/sum,Batch_time/sum
1,0.02118372917175293,0.03,4.0267744064331055,0.0004267651529517025,4.0267744064331055,7.8125,6.666666030883789,0.32239389419555664,0.051805973052978516,0.03000000000000002,4.689559182605228,0.00034651072623878337,4.689559182605228,3.8429054054054053,3.832690267949491,0.3539482387336525,1.916821002960205,1.1100000000000008,173.51368975639343,0.012820896870834986,173.51368975639343,18200.0,141.80953991413116,13.096084833145142
2,0.02058696746826172,0.03,3.8360207080841064,0.0019411160610616207,3.8360207080841064,10.9375,12.030303955078125,0.3179051876068115,0.05284259770367596,0.03000000000000002,3.835422116356927,0.0005765154735952918,3.835422116356927,7.453547297297297,7.263661178382668,0.35391841708002864,1.9551761150360107,1.1100000000000008,141.9106183052063,0.021331072523025796,141.9106183052063,35300.0,268.7554636001587,13.09498143196106
