,Mean,95CI
1,30.3,0.5497355656225157
5,44.00666666666667,0.5915821191537715
20,55.664444444444456,0.5648305320573115
50,61.42,0.5849192063246084
