,Mean,95CI
1,73.13111111111112,0.8603763846373382
5,92.28666666666666,0.4443223747629855
20,97.14666666666666,0.22567976127218395
50,98.35555555555555,0.16879317011447298
