,Mean,95CI
1,70.56666666666666,0.8841918189483732
5,91.20888888888888,0.4751871391624745
20,96.56,0.24736855781062775
50,98.01333333333334,0.18297903343094551
