,Mean,95CI
1,33.38444444444444,0.6081361578973736
5,46.168888888888894,0.6033404150653984
20,58.08444444444445,0.5757694846647701
50,63.957777777777785,0.59805792762476
