,Mean,95CI
1,57.842222222222226,0.8549970129785426
5,78.26,0.6170245586555267
20,87.88666666666667,0.44499331715973484
50,91.37111111111112,0.3526236474443375
