,Mean,95CI
1,73.08,0.8541380380313939
5,92.24666666666667,0.4443907974151859
20,97.24444444444445,0.22715240906919465
50,98.39333333333333,0.16780247750664234
