,Mean,95CI
1,22.162222222222223,0.3896325210529886
5,25.233333333333334,0.4264353818040747
20,29.186666666666667,0.4271725691144864
50,31.79555555555556,0.45331157884959894
