,Mean,95CI
1,30.10888888888889,0.5448114962303013
5,44.48444444444445,0.5830698312319993
20,56.40888888888888,0.5873686400667549
50,62.46444444444444,0.583955701243209
