,Mean,95CI
1,30.38,0.5508343793223089
5,44.495555555555555,0.5898310444941616
20,57.168888888888894,0.5923507435945395
50,63.74666666666667,0.561174190748808
