,Mean,95CI
1,22.92888888888889,0.42463057858828684
5,27.197777777777777,0.4275073687217852
20,32.446666666666665,0.45284544033806046
