,Mean,95CI
1,21.671111111111113,0.3709025830265358
5,24.451111111111114,0.405763494112561
20,29.41555555555556,0.42868189192961326
50,33.348888888888894,0.4550484292851798
