,Mean,95CI
1,66.67333333333333,0.8035700715140249
5,85.56,0.5211859344229053
20,91.72888888888889,0.3547639549336885
50,93.58888888888889,0.2854839421507129
