,Mean,95CI
1,32.49777777777778,0.5943283743188932
5,45.108888888888885,0.5720346340630555
20,57.002222222222215,0.5472823096057343
50,63.317777777777785,0.5544217309337443
