,Mean,95CI
1,72.92888888888889,0.8611004555397715
5,92.34222222222222,0.4577039887943199
20,97.14888888888888,0.22882708279070493
50,98.34888888888888,0.1745265363047218
