,Mean,95CI
1,22.94,0.42706234467873994
5,27.244444444444447,0.44675492187749744
20,32.48444444444445,0.4611436251259372
50,36.46222222222222,0.46917303794859416
