,Mean,95CI
1,75.32,0.8773560002912958
5,92.91333333333333,0.46689068976443476
20,97.26444444444444,0.26377234560363083
50,98.30888888888889,0.1889998248413517
