,Mean,95CI
1,23.091111111111115,0.4316301922387712
5,27.464444444444446,0.4283155876088058
20,32.82888888888888,0.4555951485850679
50,36.95333333333333,0.4592332414943037
