,Mean,95CI
1,22.904444444444447,0.4213764777501874
5,26.74,0.43046165348984183
20,31.042222222222225,0.43682035686912707
50,34.166666666666664,0.4667921849376627
