,Mean,95CI
1,22.49777777777778,0.4161684743995755
5,26.41111111111111,0.43436779246374313
20,32.14222222222222,0.45149029632558896
50,36.12222222222222,0.4637153170844683
