,Mean,95CI
1,64.7,0.8552417522013672
5,82.99777777777778,0.6145684304981489
20,90.14,0.4041461432068133
50,92.94444444444446,0.3234612286343546
