,Mean,95CI
1,64.22444444444444,0.8797358793683534
5,81.44888888888887,0.6400367360589693
20,87.67333333333333,0.4945900819538645
50,90.49555555555554,0.4069979692911893
