,Mean,95CI
1,22.624444444444443,0.39301421672676395
5,26.086666666666666,0.42896431488989634
20,30.257777777777775,0.4290553020267708
50,33.026666666666664,0.45248011416165224
