,Mean,95CI
1,67.88444444444445,0.8775027629240745
5,89.23777777777778,0.5197119220166797
20,95.57111111111112,0.28925181092724983
50,97.24888888888889,0.22899622081814627
