,Mean,95CI
1,60.604444444444454,0.8685043482490533
5,79.69555555555556,0.6518660424406598
20,87.43333333333334,0.4628265896764618
50,90.62444444444445,0.39068648707214654
