,Mean,95CI
1,22.355555555555558,0.4028262420775146
5,26.026666666666667,0.4299000996400932
20,30.951111111111107,0.4205362845610985
50,34.59777777777778,0.47174808719747885
