,Mean,95CI
1,65.52666666666667,0.8474155515462359
5,83.46444444444445,0.6045647432199593
20,90.2311111111111,0.41175248794983615
50,93.20222222222223,0.312380835711668
