,Mean,95CI
1,22.351111111111113,0.405155985309662
5,26.275555555555556,0.4139250543822084
20,31.26444444444444,0.4392280792141926
50,34.36888888888889,0.47377139845562655
