,Mean,95CI
1,64.44222222222221,0.8502654972438276
5,82.38,0.6019355216469345
20,89.60666666666667,0.41729503473409146
50,92.63333333333334,0.3280598006391515
