,Mean,95CI
1,77.12888888888888,0.834143151919641
5,93.75111111111111,0.42369649816702243
20,97.66222222222221,0.22707543302033867
50,98.63111111111112,0.16914405131795482
