,Mean,95CI
1,33.70444444444445,0.608454795574825
5,46.87111111111111,0.6370369788568058
20,58.00444444444444,0.6032399359105937
50,63.988888888888894,0.5855765995281583
