,Mean,95CI
1,30.131111111111114,0.5551800500606315
5,41.17333333333333,0.5337001399351943
20,52.38,0.5616806238647798
50,58.513333333333335,0.5587431289489415
