,Mean,95CI
1,69.7688888888889,0.869021428266609
5,90.08888888888889,0.5015784048643052
20,95.77777777777779,0.2775997369697295
50,97.42222222222223,0.22505130568710635
