,Mean,95CI
1,73.89111111111112,0.8434102601128959
5,92.43333333333334,0.45192048104687305
20,97.32444444444444,0.23361244410847204
50,98.49333333333334,0.16015855273979338
