,Mean,95CI
1,64.75111111111111,0.8416690444784294
5,83.00666666666666,0.5886356596241148
20,90.47111111111111,0.41618491191937096
50,93.36666666666666,0.3028499808908973
