,Mean,95CI
1,62.42,0.8991399718731069
5,81.21555555555555,0.6457830008688165
20,88.55555555555554,0.4690908112993157
50,91.57777777777777,0.37716019221236224
