,Mean,95CI
1,66.46666666666667,0.9043874261527489
5,88.28444444444445,0.5633094229754214
20,95.48222222222222,0.29676185275635775
50,97.26888888888891,0.22404701520244757
