,Mean,95CI
1,73.11111111111111,0.8438082255116294
5,92.36222222222223,0.4397538484465622
20,97.16,0.24301691032266923
50,98.40222222222222,0.16641593363714208
