,Mean,95CI
1,64.58222222222221,0.8166193964925894
5,84.87555555555555,0.5354404177116512
20,91.51333333333334,0.34514942798720344
50,93.34444444444445,0.286679564128886
