,Mean,95CI
1,22.904444444444444,0.4345200073345844
5,27.211111111111112,0.435067190503587
20,32.69555555555555,0.4439470031050829
50,36.07111111111111,0.4431024335524315
