,Mean,95CI
1,69.62444444444444,0.844832993732487
5,91.2088888888889,0.4198597513248682
20,96.68666666666667,0.20547765724353292
50,98.22,0.13602243685425022
