,Mean,95CI
1,22.653333333333332,0.3987155231557544
5,26.242222222222225,0.4457087284989534
20,30.873333333333335,0.45977746445092005
50,34.08888888888889,0.45547448858169676
