,Mean,95CI
1,71.7088888888889,0.8814018430124849
5,91.19777777777777,0.46994002875949475
20,96.52,0.2757248669114774
50,98.0488888888889,0.19067124442183292
